Date,Time,Site,Data ID,Unit ID,User ID,°C,mmHg,DO %,DO mg/L,SPC-uS/cm,C-uS/cm,SAL-PSU,pH,ORP mV,FNU,TSS mg/L,Chl ug/L,Chl RFU,PC ug/L,PC RFU,DEP m,ALT m,Lat,Lon
10/30/2024,11:37:17AM,,test,,TNL,11.3,766.5,98.3,10.75,87.7,64.8,0.04,7.38,137.6,,,3.45,0.94,1.17,1.21,0,46,44.39495,-69.67103
10/30/2024,11:37:20AM,,test,,TNL,11.3,766.5,97.2,10.64,87.8,64.8,0.04,7.39,137.4,,,3.65,0.99,0.92,0.96,0,45.7,44.39495,-69.67102
10/30/2024,11:37:23AM,,test,,TNL,11.3,766.4,96.1,10.53,87.8,64.8,0.04,7.39,137.2,,,3.65,0.99,0.68,0.72,0,45.3,44.39495,-69.67102
10/30/2024,11:37:26AM,,test,,TNL,11.3,766.5,95.2,10.43,87.8,64.7,0.04,7.39,136.9,,,3.62,0.98,0.52,0.57,0.009,45.4,44.39495,-69.67101
10/30/2024,11:37:29AM,,test,,TNL,11.3,766.4,94.4,10.35,87.7,64.7,0.04,7.39,136.7,,,3.62,0.98,0.53,0.58,0.021,45,44.39495,-69.67101
10/30/2024,11:37:32AM,,test,,TNL,11.2,766.4,93.7,10.28,87.7,64.7,0.04,7.39,136.5,,,3.71,1.01,0.53,0.57,0.054,45.4,44.39495,-69.67101
10/30/2024,11:37:35AM,,test,,TNL,11.2,766.5,93.2,10.21,87.7,64.6,0.04,7.39,136.1,,,3.79,1.03,0.53,0.57,0.465,45.4,44.39494,-69.67101
10/30/2024,11:37:38AM,,test,,TNL,11.2,766.5,92.6,10.15,87.7,64.6,0.04,7.39,135.6,,,3.79,1.03,0.51,0.56,0.448,45.1,44.39494,-69.67101
10/30/2024,11:37:41AM,,test,,TNL,11.2,766.4,92.1,10.1,87.7,64.6,0.04,7.39,135.3,,,3.79,1.03,0.51,0.56,0.658,45.1,44.39494,-69.67102
10/30/2024,11:37:44AM,,test,,TNL,11.2,766.3,91.6,10.05,87.7,64.6,0.04,7.39,135,,,3.93,1.07,0.5,0.55,0.796,45.2,44.39494,-69.67102
10/30/2024,11:37:47AM,,test,,TNL,11.2,766.4,91.2,10.01,87.8,64.6,0.04,7.38,134.8,,,3.85,1.05,0.47,0.52,0.867,45.5,44.39494,-69.67102
10/30/2024,11:37:50AM,,test,,TNL,11.2,766.5,90.8,9.97,87.8,64.6,0.04,7.38,134.6,,,4.09,1.11,0.48,0.52,0.923,45.5,44.39493,-69.67101
10/30/2024,11:37:53AM,,test,,TNL,11.1,766.5,90.5,9.94,87.8,64.5,0.04,7.38,134.4,,,5.55,1.51,0.48,0.52,0.996,45.8,44.39493,-69.67101
10/30/2024,11:37:56AM,,test,,TNL,11.1,766.5,90.2,9.92,87.8,64.5,0.04,7.37,134.2,,,15.11,4.13,0.5,0.55,1.831,45.9,44.39493,-69.67101
10/30/2024,11:37:59AM,,test,,TNL,11.1,766.4,90.1,9.91,87.8,64.4,0.04,7.37,134,,,12.76,3.49,0.73,0.77,1.78,45.7,44.39493,-69.67101
10/30/2024,11:38:02AM,,test,,TNL,11.1,766.5,90,9.9,87.8,64.4,0.04,7.37,133.8,,,23.4,6.4,1.3,1.34,1.839,45.5,44.39493,-69.67101
10/30/2024,11:38:05AM,,test,,TNL,11.1,766.5,89.9,9.9,87.8,64.4,0.04,7.37,133.6,,,16.37,4.48,1.99,2.02,1.849,45.5,44.39492,-69.67101
10/30/2024,11:38:08AM,,test,,TNL,11.1,766.5,89.8,9.89,87.8,64.4,0.04,7.36,133.4,,,17.36,4.75,2.55,2.57,1.848,45.4,44.39492,-69.67101
10/30/2024,11:38:11AM,,test,,TNL,11.1,766.5,89.7,9.87,87.8,64.4,0.04,7.36,133.3,,,7.35,2.01,2.93,2.94,1.842,44.6,44.39492,-69.67101
10/30/2024,11:38:14AM,,test,,TNL,11.1,766.5,89.5,9.85,87.8,64.4,0.04,7.36,133.2,,,5.04,1.37,3.11,3.12,1.808,44.1,44.39492,-69.67101
10/30/2024,11:38:17AM,,test,,TNL,11.1,766.5,89.3,9.83,87.8,64.4,0.04,7.36,133.1,,,2.7,0.73,2.91,2.93,1.222,44.3,44.39492,-69.67101
10/30/2024,11:38:20AM,,test,,TNL,11.1,766.5,89.2,9.82,87.8,64.4,0.04,7.36,133.1,,,2.74,0.74,0.41,0.45,0.815,44.3,44.39491,-69.67101
10/30/2024,11:38:23AM,,test,,TNL,11.1,766.6,89.2,9.81,87.8,64.5,0.04,7.36,133.2,,,3.84,1.04,0.47,0.52,0.727,44.4,44.39491,-69.67101
10/30/2024,11:38:26AM,,test,,TNL,11.1,766.5,89.2,9.81,87.8,64.5,0.04,7.35,133.2,,,3.78,1.03,0.52,0.56,0.615,44.3,44.39491,-69.671
10/30/2024,11:38:29AM,,test,,TNL,11.2,766.5,89.2,9.8,87.8,64.6,0.04,7.35,133.2,,,3.78,1.03,0.53,0.58,0.551,43.8,44.39491,-69.671
10/30/2024,11:38:32AM,,test,,TNL,11.2,766.5,89.2,9.79,87.7,64.6,0.04,7.35,133.3,,,3.67,1,0.54,0.59,0.446,43.5,44.39491,-69.671
10/30/2024,11:38:35AM,,test,,TNL,11.2,766.5,89.1,9.77,87.6,64.6,0.04,7.34,133.3,,,3.51,0.95,0.53,0.58,0.362,43.4,44.3949,-69.671
10/30/2024,11:38:38AM,,test,,TNL,11.2,766.5,89,9.76,49.3,36.3,0.02,7.34,133.3,,,3.42,0.93,0.54,0.58,0.312,43,44.3949,-69.671
10/30/2024,11:40:41AM,,test,,TNL,11.3,766.5,93,10.17,87.6,64.7,0.04,7.23,139.4,,,4.17,1.13,0.82,0.86,0.003,41.9,44.3954,-69.67022
10/30/2024,11:40:44AM,,test,,TNL,11.3,766.6,92.8,10.15,87.6,64.7,0.04,7.24,139.1,,,4.25,1.16,0.64,0.68,0.004,42.6,44.39541,-69.6702
10/30/2024,11:40:47AM,,test,,TNL,11.3,766.5,92.6,10.14,87.6,64.7,0.04,7.26,138.7,,,4.5,1.22,0.66,0.71,0.031,43.2,44.39541,-69.6702
10/30/2024,11:40:50AM,,test,,TNL,11.3,766.5,92.5,10.12,87.6,64.7,0.04,7.27,138.1,,,4.67,1.27,0.67,0.71,0.059,43.3,44.39542,-69.67019
10/30/2024,11:40:53AM,,test,,TNL,11.3,766.5,92.3,10.1,87.6,64.7,0.04,7.28,137.6,,,4.81,1.31,0.67,0.71,0.1,42.5,44.39542,-69.67019
10/30/2024,11:40:56AM,,test,,TNL,11.3,766.5,92,10.07,87.6,64.7,0.04,7.28,137.2,,,4.66,1.27,0.66,0.71,0.878,42.3,44.39542,-69.67019
10/30/2024,11:40:59AM,,test,,TNL,11.3,766.5,91.8,10.05,87.7,64.7,0.04,7.29,136.8,,,4.59,1.25,0.66,0.7,1.02,41.7,44.39543,-69.6702
10/30/2024,11:41:02AM,,test,,TNL,11.3,766.5,91.5,10.02,87.7,64.7,0.04,7.29,136.5,,,4.69,1.28,0.64,0.68,1.296,41.3,44.39543,-69.6702
10/30/2024,11:41:05AM,,test,,TNL,11.2,766.5,91.1,9.99,87.7,64.6,0.04,7.29,136.3,,,4.57,1.24,0.61,0.65,1.446,41.6,44.39543,-69.67019
10/30/2024,11:41:08AM,,test,,TNL,11.1,766.5,90.8,9.97,87.7,64.5,0.04,7.29,136.1,,,4.65,1.27,0.58,0.63,1.551,41.8,44.39543,-69.67019
10/30/2024,11:41:11AM,,test,,TNL,11.1,766.5,90.4,9.95,87.7,64.4,0.04,7.29,135.9,,,4.3,1.17,0.57,0.61,2.439,41.5,44.39544,-69.67019
10/30/2024,11:41:14AM,,test,,TNL,11,766.5,90.1,9.93,87.8,64.3,0.04,7.29,135.8,,,4.19,1.14,0.57,0.62,2.429,41.1,44.39544,-69.67019
10/30/2024,11:41:17AM,,test,,TNL,10.9,766.5,89.8,9.92,87.8,64.2,0.04,7.29,135.8,,,4.11,1.12,0.56,0.6,2.439,40.7,44.39544,-69.67019
10/30/2024,11:41:20AM,,test,,TNL,10.9,766.5,89.7,9.9,87.8,64.2,0.04,7.29,135.7,,,4.16,1.13,0.54,0.58,2.469,39.9,44.39544,-69.6702
10/30/2024,11:41:23AM,,test,,TNL,10.9,766.5,89.5,9.89,87.8,64.2,0.04,7.28,135.6,,,4.82,1.31,0.53,0.57,2.505,39.9,44.39544,-69.67019
10/30/2024,11:41:26AM,,test,,TNL,10.9,766.6,89.4,9.87,87.8,64.2,0.04,7.28,135.6,,,5.19,1.41,0.53,0.58,2.603,39.8,44.39545,-69.67019
10/30/2024,11:41:29AM,,test,,TNL,10.9,766.5,89.3,9.86,87.8,64.2,0.04,7.28,135.6,,,4.74,1.29,0.55,0.59,2.664,39.3,44.39545,-69.67019
10/30/2024,11:41:32AM,,test,,TNL,10.9,766.5,89.1,9.85,87.9,64.2,0.04,7.17,135.8,,,32.66,8.93,1.22,1.25,2.753,38.5,44.39545,-69.67019
10/30/2024,11:41:35AM,,test,,TNL,10.9,766.5,89,9.84,88.2,64.5,0.04,7.1,136.5,,,50.07,13.7,2.44,2.46,2.835,37.9,44.39545,-69.67019
10/30/2024,11:41:38AM,,test,,TNL,10.9,766.5,88.9,9.82,88.5,64.7,0.04,7.07,137.3,,,47.77,13.07,7.46,7.42,2.902,37.3,44.39545,-69.67019
10/30/2024,11:41:41AM,,test,,TNL,10.9,766.5,88.8,9.81,88.8,65,0.04,7.06,138.1,,,51.18,14.01,6.45,6.42,2.954,37.3,44.39545,-69.67019
10/30/2024,11:41:44AM,,test,,TNL,10.9,766.5,88.7,9.79,89.2,65.2,0.04,7.04,139.1,,,51.08,13.98,6.87,6.84,2.995,37.6,44.39545,-69.67018
10/30/2024,11:41:47AM,,test,,TNL,10.9,766.5,88.6,9.78,89.2,65.3,0.04,7.03,140.1,,,53.71,14.7,7.29,7.26,3.026,38.3,44.39545,-69.67018
10/30/2024,11:41:50AM,,test,,TNL,11,766.5,88.5,9.76,89.2,65.3,0.04,7.02,141.2,,,55.07,15.07,11.58,11.5,3.055,38.5,44.39545,-69.67017
10/30/2024,11:41:53AM,,test,,TNL,11,766.5,88.4,9.75,89.2,65.3,0.04,7.01,142.3,,,3.54,0.96,2.67,2.69,3.103,38.6,44.39545,-69.67017
10/30/2024,11:41:56AM,,test,,TNL,11,766.5,88.3,9.74,89.2,65.2,0.04,6.99,142.5,,,48.52,13.28,2.47,2.49,3.163,38.7,44.39546,-69.67017
10/30/2024,11:41:59AM,,test,,TNL,11,766.5,88.1,9.73,89,65.1,0.04,6.98,126.1,,,5.1,1.39,3.61,3.62,3.189,39,44.39546,-69.67017
10/30/2024,11:42:02AM,,test,,TNL,10.9,766.5,87.9,9.71,88.7,64.9,0.04,6.97,123.7,,,4.73,1.29,1.73,1.77,2.414,38.9,44.39546,-69.67017
10/30/2024,11:42:05AM,,test,,TNL,10.9,766.5,87.8,9.69,88.4,64.7,0.04,6.97,123.3,,,3.99,1.08,0.97,1.01,2.315,39,44.39546,-69.67016
10/30/2024,11:42:08AM,,test,,TNL,10.9,766.5,87.7,9.69,88.1,64.4,0.04,6.97,123.5,,,5.06,1.38,0.75,0.79,1.96,39.1,44.39547,-69.67016
10/30/2024,11:42:11AM,,test,,TNL,10.9,766.5,87.7,9.69,87.9,64.3,0.04,6.98,123.9,,,5.12,1.39,0.71,0.75,1.829,39,44.39547,-69.67016
10/30/2024,11:42:14AM,,test,,TNL,10.9,766.5,87.9,9.7,87.8,64.2,0.04,7,124.2,,,3.93,1.07,0.7,0.75,1.656,38.8,44.39547,-69.67016
10/30/2024,11:42:17AM,,test,,TNL,11,766.5,88.1,9.73,87.7,64.2,0.04,7.01,124.5,,,3.92,1.06,0.69,0.74,1.54,38.8,44.39547,-69.67015
10/30/2024,11:42:20AM,,test,,TNL,11,766.5,88.5,9.75,87.7,64.3,0.04,7.03,124.8,,,4.57,1.24,0.64,0.68,0.682,39,44.39547,-69.67015
10/30/2024,11:42:23AM,,test,,TNL,11.1,766.5,88.8,9.77,87.7,64.4,0.04,7.05,125.1,,,4.79,1.3,0.6,0.65,0.457,39,44.39547,-69.67015
10/30/2024,11:42:26AM,,test,,TNL,11.2,766.5,89.1,9.79,87.6,64.5,0.04,7.06,125.6,,,3.88,1.05,0.62,0.67,0.329,38.9,44.39547,-69.67015
10/30/2024,11:42:29AM,,test,,TNL,11.2,766.6,89.4,9.8,87.6,64.6,0.04,7.08,126.1,,,4.91,1.34,0.63,0.67,0.227,38.9,44.39547,-69.67014
10/30/2024,11:42:32AM,,test,,TNL,11.3,766.5,89.6,9.81,87.6,64.6,0.04,7.09,126.6,,,4.74,1.29,0.63,0.67,0.168,38.8,44.39546,-69.67014
10/30/2024,11:44:27AM,,test,,TNL,11.5,766.6,93.9,10.22,87.3,64.8,0.04,7.04,133.9,,,3.69,1,1.92,1.95,0,39.2,44.39716,-69.66842
10/30/2024,11:44:30AM,,test,,TNL,11.4,766.5,93.4,10.19,87.6,64.8,0.04,7.05,133.7,,,4.19,1.14,1.58,1.61,0,38.8,44.39717,-69.66842
10/30/2024,11:44:33AM,,test,,TNL,11.4,766.5,93,10.17,87.6,64.8,0.04,7.07,133.5,,,4.38,1.19,1.1,1.13,0.006,39,44.39717,-69.66841
10/30/2024,11:44:36AM,,test,,TNL,11.4,766.5,92.6,10.13,87.7,64.8,0.04,7.08,133.2,,,4.55,1.24,0.66,0.71,0.033,40.2,44.39717,-69.6684
10/30/2024,11:44:39AM,,test,,TNL,11.3,766.6,92.3,10.1,87.7,64.8,0.04,7.09,133,,,4.72,1.28,0.65,0.69,0.712,41.7,44.39718,-69.6684
10/30/2024,11:44:42AM,,test,,TNL,11.3,766.5,92.1,10.07,87.7,64.8,0.04,7.11,132.7,,,4.38,1.19,0.65,0.69,0.845,42.3,44.39719,-69.6684
10/30/2024,11:44:45AM,,test,,TNL,11.3,766.5,91.8,10.04,87.7,64.8,0.04,7.12,132.3,,,4.58,1.25,0.65,0.7,1.245,42.4,44.39719,-69.66839
10/30/2024,11:44:48AM,,test,,TNL,11.3,766.6,91.5,10.01,87.7,64.7,0.04,7.13,131.9,,,2.88,0.78,0.63,0.68,1.432,42.4,44.3972,-69.66839
10/30/2024,11:44:51AM,,test,,TNL,11.3,766.5,91.2,10,87.7,64.6,0.04,7.13,131.5,,,3.86,1.05,0.61,0.66,1.571,42.2,44.3972,-69.66839
10/30/2024,11:44:54AM,,test,,TNL,11.2,766.5,90.9,9.97,87.7,64.6,0.04,7.14,131,,,4.1,1.11,0.6,0.65,2.483,41.8,44.39721,-69.66839
10/30/2024,11:44:57AM,,test,,TNL,11.2,766.5,90.7,9.96,87.7,64.5,0.04,7.15,130.7,,,4.29,1.17,0.58,0.63,2.711,41.4,44.39721,-69.66839
10/30/2024,11:45:00AM,,test,,TNL,11.1,766.5,90.4,9.94,87.7,64.5,0.04,7.15,130.4,,,3.97,1.08,0.58,0.63,2.812,41.7,44.39721,-69.66839
10/30/2024,11:45:03AM,,test,,TNL,11.1,766.5,90.2,9.92,87.7,64.4,0.04,7.16,130.1,,,4.57,1.24,0.57,0.62,2.931,41.7,44.39722,-69.66838
10/30/2024,11:45:06AM,,test,,TNL,11.1,766.5,90.1,9.92,87.7,64.4,0.04,7.16,130,,,4.65,1.26,0.57,0.61,3.032,42.2,44.39722,-69.66838
10/30/2024,11:45:09AM,,test,,TNL,11.1,766.5,90,9.91,87.7,64.4,0.04,7.16,129.8,,,4.27,1.16,0.59,0.63,3.893,42.5,44.39722,-69.66837
10/30/2024,11:45:12AM,,test,,TNL,11.1,766.6,90,9.91,87.7,64.3,0.04,7.17,129.6,,,4.5,1.22,0.61,0.65,3.826,42.4,44.39723,-69.66837
10/30/2024,11:45:15AM,,test,,TNL,11.1,766.5,90,9.91,87.7,64.3,0.04,7.17,129.5,,,5.12,1.39,0.61,0.65,4.039,42.9,44.39724,-69.66837
10/30/2024,11:45:18AM,,test,,TNL,11.1,766.5,90,9.91,87.7,64.3,0.04,7.17,129.4,,,5.08,1.38,0.61,0.66,4.107,43.4,44.39724,-69.66837
10/30/2024,11:45:21AM,,test,,TNL,11,766.5,89.9,9.9,87.7,64.3,0.04,7.17,129.3,,,4.94,1.34,0.6,0.65,4.238,43.7,44.39725,-69.66836
10/30/2024,11:45:24AM,,test,,TNL,11,766.6,89.9,9.9,87.7,64.3,0.04,7.18,129.1,,,4.92,1.34,0.61,0.66,5.429,43.9,44.39725,-69.66836
10/30/2024,11:45:27AM,,test,,TNL,11,766.6,89.7,9.89,87.7,64.2,0.04,7.18,129,,,4.87,1.32,0.62,0.66,5.368,44,44.39725,-69.66835
10/30/2024,11:45:30AM,,test,,TNL,10.9,766.6,89.5,9.89,87.7,64.1,0.04,7.18,128.8,,,4.29,1.17,0.62,0.66,5.733,43.8,44.39726,-69.66835
10/30/2024,11:45:33AM,,test,,TNL,10.8,766.5,89.4,9.9,87.8,63.9,0.04,7.19,128.6,,,4.39,1.19,0.61,0.65,5.763,43.7,44.39727,-69.66834
10/30/2024,11:45:36AM,,test,,TNL,10.7,766.7,89.3,9.91,87.8,63.8,0.04,7.19,128.5,,,3.77,1.02,0.6,0.65,5.909,43.4,44.39727,-69.66834
10/30/2024,11:45:39AM,,test,,TNL,10.6,766.5,89.3,9.93,87.8,63.6,0.04,7.2,128.3,,,5.29,1.44,0.59,0.64,6.75,43.1,44.39728,-69.66833
10/30/2024,11:45:42AM,,test,,TNL,10.6,766.5,89.4,9.95,87.8,63.6,0.04,7.2,128.1,,,5.17,1.41,0.58,0.62,6.71,43,44.39728,-69.66833
10/30/2024,11:45:45AM,,test,,TNL,10.6,766.5,89.4,9.96,87.8,63.5,0.04,7.2,128,,,4.92,1.34,0.57,0.61,6.738,43.3,44.39729,-69.66833
10/30/2024,11:45:48AM,,test,,TNL,10.6,766.5,89.5,9.97,87.8,63.5,0.04,7.2,127.9,,,4.86,1.32,0.58,0.62,7.064,43.2,44.39729,-69.66832
10/30/2024,11:45:51AM,,test,,TNL,10.5,766.5,89.5,9.97,87.8,63.5,0.04,7.21,127.8,,,3.33,0.9,0.58,0.62,7.238,43,44.39729,-69.66832
10/30/2024,11:45:54AM,,test,,TNL,10.5,766.5,89.5,9.97,87.8,63.5,0.04,7.21,127.6,,,3.7,1,0.59,0.63,8.036,42.7,44.3973,-69.66831
10/30/2024,11:45:57AM,,test,,TNL,10.5,766.5,89.4,9.97,87.8,63.5,0.04,7.21,127.4,,,3.05,0.83,0.58,0.62,8.028,43.5,44.3973,-69.6683
10/30/2024,11:46:00AM,,test,,TNL,10.5,766.5,89.4,9.96,87.8,63.5,0.04,7.22,127.2,,,4.06,1.1,0.58,0.63,8.166,43.5,44.3973,-69.6683
10/30/2024,11:46:03AM,,test,,TNL,10.5,766.5,89.3,9.95,87.8,63.5,0.04,7.22,127,,,5.24,1.43,0.57,0.61,9.209,42.9,44.3973,-69.6683
10/30/2024,11:46:06AM,,test,,TNL,10.5,766.5,89.2,9.95,87.8,63.5,0.04,7.22,126.9,,,4.76,1.3,0.56,0.6,9.075,42.8,44.39731,-69.66829
10/30/2024,11:46:09AM,,test,,TNL,10.5,766.5,89.1,9.93,87.8,63.5,0.04,7.22,126.8,,,4.45,1.21,0.53,0.58,9.26,42.4,44.39732,-69.66828
10/30/2024,11:46:12AM,,test,,TNL,10.5,766.5,89,9.92,87.8,63.5,0.04,7.22,126.8,,,5.35,1.46,0.54,0.59,9.417,42,44.39733,-69.66827
10/30/2024,11:46:15AM,,test,,TNL,10.5,766.5,88.7,9.89,87.9,63.5,0.04,7.22,112.6,,,7.02,1.91,0.71,0.76,9.556,41.7,44.39734,-69.66827
10/30/2024,11:46:18AM,,test,,TNL,10.5,766.5,88.3,9.86,88.3,63.8,0.04,7.08,88.2,,,0.66,0.17,1.01,1.05,9.647,41.4,44.39735,-69.66826
10/30/2024,11:46:21AM,,test,,TNL,10.5,766.5,84.5,9.42,88.6,64.1,0.04,6.93,54.1,,,8.68,2.37,1.77,1.81,9.663,41.9,44.39735,-69.66825
10/30/2024,11:46:24AM,,test,,TNL,10.5,766.6,84.4,9.42,88.8,64.2,0.04,6.91,53.1,,,0.97,0.26,2.3,2.32,9.667,41.8,44.39736,-69.66825
10/30/2024,11:46:27AM,,test,,TNL,10.5,766.5,84.4,9.42,89.1,64.4,0.04,6.7,-5.1,,,-0.16,-0.05,2.43,2.46,9.716,41.8,44.39736,-69.66826
10/30/2024,11:46:30AM,,test,,TNL,10.5,766.5,84.3,9.41,89.4,64.6,0.04,6.69,-11.9,,,-0.03,-0.02,2.64,2.66,9.768,41.5,44.39736,-69.66827
10/30/2024,11:46:33AM,,test,,TNL,10.5,766.5,84.2,9.4,89.2,64.5,0.04,6.68,-26.5,,,0.05,0.01,2.68,2.7,9.808,41.4,44.39736,-69.66827
10/30/2024,11:46:36AM,,test,,TNL,10.5,766.5,84.1,9.39,89.4,64.6,0.04,6.68,-31.5,,,0.1,0.02,2.41,2.43,9.836,41.3,44.39736,-69.66828
10/30/2024,11:46:39AM,,test,,TNL,10.5,766.5,83.9,9.37,89.6,64.8,0.04,6.68,-44.4,,,0.14,0.03,2.01,2.04,9.865,41.1,44.39737,-69.66828
10/30/2024,11:46:42AM,,test,,TNL,10.5,766.6,83.8,9.35,89.6,64.7,0.04,6.68,-49.2,,,0.19,0.04,1.77,1.8,9.888,41.1,44.39737,-69.66829
10/30/2024,11:46:45AM,,test,,TNL,10.5,766.5,83.6,9.33,89.5,64.7,0.04,6.69,-58.4,,,0.23,0.05,1.81,1.84,9.951,40.6,44.39737,-69.6683
10/30/2024,11:46:48AM,,test,,TNL,10.5,766.5,83.6,9.32,89.5,64.7,0.04,6.69,-64.3,,,0.22,0.05,1.83,1.86,10.004,40.3,44.39737,-69.6683
10/30/2024,11:46:51AM,,test,,TNL,10.5,766.5,83.5,9.31,89.4,64.7,0.04,6.69,-66.7,,,0.22,0.05,1.82,1.85,10.033,39.9,44.39738,-69.6683
10/30/2024,11:46:54AM,,test,,TNL,10.5,766.5,83.4,9.3,89.4,64.6,0.04,6.7,-69.7,,,0.22,0.05,1.81,1.84,10.056,39.3,44.39738,-69.6683
10/30/2024,11:46:57AM,,test,,TNL,10.5,766.5,83.2,9.29,89.4,64.6,0.04,6.7,-78.5,,,0.23,0.05,1.83,1.86,10.072,38.7,44.39738,-69.6683
10/30/2024,11:47:00AM,,test,,TNL,10.5,766.5,83.1,9.27,89.4,64.6,0.04,6.7,-80.6,,,0.24,0.06,1.83,1.86,10.111,38.3,44.39739,-69.6683
10/30/2024,11:47:03AM,,test,,TNL,10.5,766.5,83,9.26,89.3,64.6,0.04,6.71,-82.6,,,0.21,0.05,1.83,1.86,10.134,37.9,44.39739,-69.6683
10/30/2024,11:47:06AM,,test,,TNL,10.5,766.6,82.9,9.25,89.3,64.6,0.04,6.71,-84.3,,,0.23,0.06,1.84,1.87,10.137,37.9,44.3974,-69.6683
10/30/2024,11:47:09AM,,test,,TNL,10.5,766.5,82.8,9.24,89.3,64.6,0.04,6.71,-91.4,,,0.21,0.05,1.84,1.87,10.136,37.8,44.3974,-69.6683
10/30/2024,11:47:12AM,,test,,TNL,10.5,766.6,82.7,9.23,89.3,64.6,0.04,6.71,-93.5,,,0.23,0.05,1.85,1.87,10.137,37.9,44.39741,-69.6683
10/30/2024,11:47:15AM,,test,,TNL,10.5,766.5,82.7,9.22,89.3,64.5,0.04,6.71,-95,,,0.2,0.05,1.84,1.87,10.138,37.9,44.39742,-69.6683
10/30/2024,11:47:18AM,,test,,TNL,10.5,766.5,82.6,9.21,89.2,64.5,0.04,6.71,-96.3,,,0.15,0.03,1.83,1.86,10.138,37.9,44.39742,-69.66829
10/30/2024,11:47:21AM,,test,,TNL,10.5,766.5,82.5,9.2,89.2,64.5,0.04,6.71,-97.4,,,0.18,0.04,1.83,1.86,10.138,37.9,44.39743,-69.66829
10/30/2024,11:47:24AM,,test,,TNL,10.5,766.5,82.4,9.19,89.2,64.5,0.04,6.71,-98.6,,,0.18,0.04,1.83,1.86,10.138,38.1,44.39743,-69.66829
10/30/2024,11:47:27AM,,test,,TNL,10.5,766.6,82.3,9.18,89.2,64.5,0.04,6.7,-105.2,,,0.19,0.04,1.82,1.85,10.138,38.2,44.39744,-69.66829
10/30/2024,11:47:30AM,,test,,TNL,10.5,766.5,82.2,9.17,89.2,64.5,0.04,6.7,-106.6,,,0.2,0.05,1.82,1.85,10.138,37.8,44.39745,-69.66829
10/30/2024,11:47:33AM,,test,,TNL,10.5,766.5,82.1,9.15,89.2,64.5,0.04,6.7,-107.6,,,0.19,0.04,1.82,1.85,10.139,37.5,44.39745,-69.66829
10/30/2024,11:47:36AM,,test,,TNL,10.5,766.5,81.9,9.14,89.1,64.5,0.04,6.7,-108.4,,,0.16,0.04,1.83,1.86,10.138,36.9,44.39746,-69.6683
10/30/2024,11:47:39AM,,test,,TNL,10.5,766.5,81.8,9.12,89.1,64.5,0.04,6.7,-109.3,,,0.21,0.05,1.82,1.85,10.138,37.1,44.39746,-69.6683
10/30/2024,11:47:42AM,,test,,TNL,10.5,766.5,81.7,9.1,89.1,64.5,0.04,6.7,-110.1,,,0.2,0.05,1.83,1.85,10.138,37.2,44.39746,-69.6683
10/30/2024,11:47:45AM,,test,,TNL,10.5,766.5,81.5,9.09,89.1,64.5,0.04,6.71,-110.9,,,0.21,0.05,1.83,1.86,10.138,37.9,44.39747,-69.66829
10/30/2024,11:47:48AM,,test,,TNL,10.5,766.5,81.4,9.07,89,64.4,0.04,6.71,-118.2,,,1.11,0.3,2.01,2.03,10.14,38.4,44.39747,-69.66829
10/30/2024,11:47:51AM,,test,,TNL,10.5,766.5,81.2,9.05,89.5,64.7,0.04,6.72,-113.7,,,2.72,0.74,2.48,2.51,10.141,38.9,44.39748,-69.66829
10/30/2024,11:47:54AM,,test,,TNL,10.5,766.5,75.1,8.37,94.8,68.6,0.04,6.72,-112.6,,,2.98,0.81,2.56,2.58,10.141,39.1,44.39748,-69.66829
10/30/2024,11:47:57AM,,test,,TNL,10.6,766.5,66.6,7.42,156.3,113.2,0.07,6.72,-113.7,,,2.95,0.8,2.59,2.61,10.143,39.4,44.39748,-69.66828
10/30/2024,11:48:00AM,,test,,TNL,10.6,766.5,55.2,6.14,158.5,114.9,0.08,6.71,-114.9,,,0.52,0.13,2.59,2.62,10.146,39,44.39749,-69.66828
10/30/2024,11:48:03AM,,test,,TNL,10.7,766.6,50,5.56,157.9,114.7,0.07,6.71,-116,,,0.23,0.05,2.58,2.61,10.148,38.7,44.39749,-69.66828
10/30/2024,11:48:06AM,,test,,TNL,10.7,766.5,41.9,4.65,158.8,115.4,0.08,6.71,-123.7,,,0.24,0.06,2.51,2.53,10.15,39,44.39749,-69.66828
10/30/2024,11:48:09AM,,test,,TNL,10.7,766.5,38.2,4.24,160,116.3,0.08,6.71,-125,,,0.31,0.08,1.9,1.93,10.153,39.1,44.3975,-69.66828
10/30/2024,11:48:12AM,,test,,TNL,10.7,766.5,32.2,3.58,160.9,117,0.08,6.7,-126,,,0.32,0.08,1.82,1.85,10.155,39.8,44.3975,-69.66827
10/30/2024,11:48:15AM,,test,,TNL,10.7,766.5,29.4,3.27,162.8,118.4,0.08,6.7,-126.2,,,0.34,0.09,1.79,1.82,10.16,39.8,44.3975,-69.66827
10/30/2024,11:48:18AM,,test,,TNL,10.7,766.6,27.8,3.08,164.5,119.6,0.08,6.7,-126.5,,,0.33,0.08,1.76,1.8,10.162,40,44.3975,-69.66827
10/30/2024,11:48:21AM,,test,,TNL,10.7,766.5,26.5,2.94,166.4,121,0.08,6.71,-126.9,,,0.27,0.06,1.76,1.79,10.165,39.8,44.39751,-69.66827
10/30/2024,11:48:24AM,,test,,TNL,10.7,766.5,21.4,2.37,168.3,122.4,0.08,6.71,-127.9,,,0.17,0.04,1.76,1.79,10.168,40.2,44.39751,-69.66827
10/30/2024,11:48:27AM,,test,,TNL,10.7,766.6,20.3,2.26,170.4,123.9,0.08,6.72,-139.7,,,0.11,0.02,1.78,1.81,10.17,40.3,44.39751,-69.66827
10/30/2024,11:48:30AM,,test,,TNL,10.7,766.5,19.5,2.17,172.8,125.6,0.08,6.72,-142.3,,,0.16,0.03,1.78,1.81,10.173,40.2,44.39751,-69.66827
10/30/2024,11:48:33AM,,test,,TNL,10.7,766.5,18.7,2.08,174.6,126.9,0.08,6.73,-144.1,,,0.19,0.04,1.78,1.81,10.172,40.3,44.39752,-69.66827
10/30/2024,11:48:36AM,,test,,TNL,10.7,766.5,18.1,2.01,175.9,127.9,0.08,6.74,-145.3,,,0.24,0.06,1.77,1.8,10.172,39.9,44.39752,-69.66827
10/30/2024,11:48:39AM,,test,,TNL,10.7,766.5,17.1,1.9,178.1,129.5,0.08,6.75,-146.8,,,0.17,0.04,1.7,1.73,10.173,40,44.39752,-69.66826
10/30/2024,11:48:42AM,,test,,TNL,10.7,766.5,15.9,1.76,178.8,130,0.08,6.87,-161.3,,,0.13,0.03,1.73,1.76,10.171,39.5,44.39753,-69.66827
10/30/2024,11:48:45AM,,test,,TNL,10.7,766.5,14.8,1.64,179.4,130.4,0.09,6.91,-164.6,,,0.19,0.04,1.78,1.81,10.164,39,44.39753,-69.66827
10/30/2024,11:48:48AM,,test,,TNL,10.7,766.5,14,1.55,177.9,129.3,0.08,7.15,-135.6,,,0.48,0.12,1.91,1.94,10.146,38.5,44.39753,-69.66827
10/30/2024,11:48:51AM,,test,,TNL,10.7,766.5,22.1,2.45,100.1,72.8,0.05,7.2,-110.3,,,1.91,0.52,2.3,2.33,10.127,38.4,44.39753,-69.66827
10/30/2024,11:48:54AM,,test,,TNL,10.7,766.5,29.3,3.25,89.4,64.9,0.04,7.26,-90.9,,,3.59,0.98,2.35,2.38,9.423,38.7,44.39753,-69.66827
10/30/2024,11:48:57AM,,test,,TNL,10.6,766.5,40.2,4.47,88.5,64.2,0.04,7.26,-82.2,,,4.79,1.3,2.26,2.28,9.195,38.7,44.39753,-69.66826
10/30/2024,11:49:00AM,,test,,TNL,10.6,766.5,43.8,4.88,88.3,63.9,0.04,7.26,-65.8,,,4.92,1.34,2.05,2.07,9.031,39.7,44.39753,-69.66826
10/30/2024,11:49:03AM,,test,,TNL,10.5,766.4,52.1,5.81,88.2,63.8,0.04,7.26,-60.8,,,4.53,1.23,1.78,1.81,8.855,39.5,44.39754,-69.66826
10/30/2024,11:49:06AM,,test,,TNL,10.5,766.5,54.4,6.07,88,63.6,0.04,7.25,-48,,,4.63,1.26,1.5,1.53,7.753,39.6,44.39753,-69.66825
10/30/2024,11:49:09AM,,test,,TNL,10.5,766.5,60.4,6.73,87.8,63.5,0.04,7.24,-43.3,,,4.66,1.27,0.83,0.87,7.239,39.3,44.39754,-69.66825
10/30/2024,11:49:12AM,,test,,TNL,10.5,766.5,62.9,7.01,87.8,63.5,0.04,7.23,-32.5,,,4.63,1.26,0.6,0.64,7.098,38.8,44.39754,-69.66825
10/30/2024,11:49:15AM,,test,,TNL,10.5,766.5,64.5,7.19,87.8,63.5,0.04,7.22,-28,,,4.83,1.31,0.59,0.64,6.878,38.6,44.39754,-69.66825
10/30/2024,11:49:18AM,,test,,TNL,10.5,766.5,65.8,7.34,87.8,63.5,0.04,7.21,-24.6,,,4.85,1.32,0.6,0.64,5.886,38.1,44.39754,-69.66825
10/30/2024,11:49:21AM,,test,,TNL,10.5,766.5,70.9,7.9,87.8,63.5,0.04,7.19,-16.1,,,5.02,1.37,0.59,0.63,5.604,37.6,44.39754,-69.66824
10/30/2024,11:49:24AM,,test,,TNL,10.5,766.5,72.1,8.03,87.8,63.6,0.04,7.17,-13.1,,,5.18,1.41,0.59,0.63,5.533,37.7,44.39755,-69.66824
10/30/2024,11:49:27AM,,test,,TNL,10.6,766.5,73.1,8.14,87.8,63.6,0.04,7.15,-10.5,,,4.75,1.29,0.61,0.65,5.428,37.6,44.39756,-69.66824
10/30/2024,11:49:30AM,,test,,TNL,10.7,766.5,74.1,8.23,87.8,63.8,0.04,7.13,-8.3,,,5.68,1.55,0.62,0.66,4.433,37.4,44.39756,-69.66823
10/30/2024,11:49:33AM,,test,,TNL,10.8,766.5,74.9,8.29,87.7,64,0.04,7.12,0.3,,,5.34,1.45,0.62,0.67,4.169,37.7,44.39756,-69.66823
10/30/2024,11:49:36AM,,test,,TNL,10.9,766.5,75.8,8.38,87.7,64.1,0.04,7.1,2.3,,,6.22,1.7,0.62,0.67,3.909,38.2,44.39756,-69.66823
10/30/2024,11:49:39AM,,test,,TNL,11,766.5,77.1,8.51,87.7,64.2,0.04,7.08,4.4,,,4.57,1.24,0.63,0.67,2.596,37.9,44.39756,-69.66822
10/30/2024,11:49:42AM,,test,,TNL,11,766.5,78.2,8.62,87.7,64.3,0.04,7.06,11.7,,,4.79,1.3,0.66,0.71,2.257,38,44.39756,-69.66823
10/30/2024,11:49:45AM,,test,,TNL,11.1,766.5,79.2,8.71,87.7,64.4,0.04,7.04,15.3,,,4.71,1.28,0.67,0.71,1.834,37.9,44.39756,-69.66822
10/30/2024,11:49:48AM,,test,,TNL,11.1,766.6,80,8.8,87.7,64.5,0.04,7.02,16.9,,,4.61,1.25,0.68,0.72,0.589,37.3,44.39757,-69.66821
10/30/2024,11:49:51AM,,test,,TNL,11.2,766.5,80.8,8.87,87.7,64.6,0.04,6.91,18.7,,,4.6,1.25,0.66,0.71,0.05,38.4,44.39756,-69.66821
10/30/2024,11:53:41AM,,test,,TNL,11.1,766.4,99,10.89,17.8,13.1,0.01,6.9,91.7,,,1,0.27,1.39,1.42,0.002,40.7,44.40211,-69.66513
10/30/2024,11:53:44AM,,test,,TNL,11.2,766.4,99.1,10.89,87.8,64.6,0.04,6.91,88.5,,,2.64,0.72,1.27,1.3,0.002,40.5,44.40211,-69.66513
10/30/2024,11:53:47AM,,test,,TNL,11.2,766.5,98.8,10.85,87.8,64.6,0.04,6.92,86.6,,,4.17,1.13,1.12,1.16,0.003,39,44.40212,-69.66512
10/30/2024,11:53:50AM,,test,,TNL,11.2,766.4,98.2,10.77,87.7,64.6,0.04,6.93,85.2,,,4.96,1.35,1,1.04,0.024,39.3,44.40212,-69.66512
10/30/2024,11:53:53AM,,test,,TNL,11.3,766.4,97.4,10.67,87.7,64.6,0.04,6.94,84,,,5.14,1.4,0.84,0.88,0.896,39.1,44.40213,-69.66512
10/30/2024,11:53:56AM,,test,,TNL,11.3,766.4,96.5,10.58,87.6,64.6,0.04,6.95,83,,,5.25,1.43,0.7,0.74,1.239,39.2,44.40213,-69.66512
10/30/2024,11:53:59AM,,test,,TNL,11.3,766.5,95.8,10.5,87.6,64.6,0.04,6.96,82.2,,,5.32,1.45,0.68,0.72,1.373,40,44.40214,-69.66511
10/30/2024,11:54:02AM,,test,,TNL,11.3,766.4,95.2,10.44,87.7,64.6,0.04,6.97,76.5,,,5.22,1.42,0.68,0.72,1.584,40.1,44.40215,-69.6651
10/30/2024,11:54:05AM,,test,,TNL,11.3,766.4,94.7,10.38,87.7,64.6,0.04,6.98,76.5,,,5.07,1.38,0.68,0.73,1.724,41.4,44.40216,-69.6651
10/30/2024,11:54:08AM,,test,,TNL,11.2,766.4,94.3,10.34,87.7,64.6,0.04,6.99,75.9,,,5.03,1.37,0.68,0.73,2.847,41.8,44.40216,-69.66509
10/30/2024,11:54:11AM,,test,,TNL,11.2,766.4,93.9,10.3,87.7,64.6,0.04,7.01,75.4,,,4.8,1.31,0.67,0.72,3.134,41.4,44.40218,-69.66509
10/30/2024,11:54:14AM,,test,,TNL,11.2,766.4,93.6,10.26,87.7,64.6,0.04,7.02,75.2,,,4.67,1.27,0.69,0.73,3.25,40.7,44.40218,-69.6651
10/30/2024,11:54:17AM,,test,,TNL,11.2,766.3,93.2,10.23,87.7,64.5,0.04,7.04,74.8,,,5.16,1.4,0.68,0.73,5.029,40.6,44.40218,-69.6651
10/30/2024,11:54:20AM,,test,,TNL,11.2,766.4,92.9,10.2,87.7,64.5,0.04,7.05,74.4,,,4.99,1.36,0.68,0.73,5.125,40.8,44.40218,-69.66511
10/30/2024,11:54:23AM,,test,,TNL,11.1,766.4,92.6,10.18,87.7,64.5,0.04,7.06,74,,,4.14,1.13,0.69,0.73,5.487,40.4,44.40218,-69.66512
10/30/2024,11:54:26AM,,test,,TNL,11.1,766.3,92.2,10.15,87.7,64.4,0.04,7.08,73.8,,,4.46,1.21,0.67,0.71,6.572,40.4,44.40218,-69.66512
10/30/2024,11:54:29AM,,test,,TNL,11,766.3,91.9,10.12,87.7,64.2,0.04,7.09,73.3,,,4.39,1.19,0.66,0.7,6.632,41,44.40218,-69.66512
10/30/2024,11:54:32AM,,test,,TNL,10.9,766.3,91.5,10.11,87.7,64.1,0.04,7.1,72.9,,,4.57,1.24,0.64,0.68,6.797,40.9,44.40219,-69.66512
10/30/2024,11:54:35AM,,test,,TNL,10.8,766.4,91.2,10.1,87.7,63.9,0.04,7.11,72.6,,,4.64,1.26,0.63,0.67,6.822,40.5,44.4022,-69.66512
10/30/2024,11:54:38AM,,test,,TNL,10.7,766.4,91,10.1,87.7,63.8,0.04,7.11,72.5,,,4.69,1.28,0.6,0.64,6.861,40.6,44.4022,-69.66512
10/30/2024,11:54:41AM,,test,,TNL,10.7,766.5,90.9,10.1,87.8,63.7,0.04,7.12,72.6,,,3.59,0.97,0.59,0.63,6.883,40.4,44.4022,-69.66512
10/30/2024,11:54:44AM,,test,,TNL,10.7,766.5,90.9,10.11,87.8,63.7,0.04,7.12,72.8,,,4.79,1.3,0.57,0.62,6.891,40.7,44.40221,-69.66512
10/30/2024,11:54:47AM,,test,,TNL,10.7,766.4,90.9,10.11,87.8,63.7,0.04,7.11,73.1,,,3.23,0.88,0.59,0.63,6.892,41.2,44.40221,-69.66512
10/30/2024,11:54:50AM,,test,,TNL,10.6,766.4,90.9,10.1,87.8,63.7,0.04,7.11,73.5,,,6.02,1.64,0.59,0.63,6.91,42.1,44.40221,-69.66512
10/30/2024,11:54:53AM,,test,,TNL,10.6,766.3,90.8,10.1,87.8,63.7,0.04,7.11,73.9,,,4.92,1.34,0.58,0.63,6.93,41.6,44.40221,-69.66512
10/30/2024,11:54:56AM,,test,,TNL,10.6,766.4,90.7,10.09,87.7,63.6,0.04,7.1,74.3,,,4.74,1.29,0.59,0.63,6.974,41.4,44.40222,-69.66512
10/30/2024,11:54:59AM,,test,,TNL,10.6,766.4,90.6,10.08,87.7,63.6,0.04,7.1,74.7,,,4.71,1.28,0.6,0.64,8.304,41.3,44.40222,-69.66512
10/30/2024,11:55:02AM,,test,,TNL,10.6,766.3,90.5,10.07,87.7,63.6,0.04,7.1,74.9,,,4.79,1.3,0.59,0.64,8.432,41,44.40223,-69.66512
10/30/2024,11:55:05AM,,test,,TNL,10.6,766.4,90.4,10.06,87.7,63.6,0.04,7.1,75.1,,,4.72,1.28,0.59,0.63,9.449,41,44.40223,-69.66512
10/30/2024,11:55:08AM,,test,,TNL,10.6,766.4,90.3,10.05,87.7,63.6,0.04,7.1,75.2,,,4.58,1.25,0.59,0.64,10.242,41.2,44.40223,-69.66512
10/30/2024,11:55:11AM,,test,,TNL,10.5,766.4,90.2,10.05,87.7,63.5,0.04,7.1,75.2,,,4.49,1.22,0.59,0.64,11.402,41.3,44.40224,-69.66512
10/30/2024,11:55:14AM,,test,,TNL,10.5,766.2,90,10.04,87.8,63.5,0.04,7.11,75.1,,,4.53,1.23,0.58,0.62,11.865,41.2,44.40224,-69.66511
10/30/2024,11:55:17AM,,test,,TNL,10.5,766.4,89.9,10.03,87.8,63.5,0.04,6.8,32.9,,,30.91,8.45,0.78,0.82,12.136,41.1,44.40225,-69.66511
10/30/2024,11:55:20AM,,test,,TNL,10.5,766.4,89.8,10.02,87.8,63.5,0.04,6.5,16.6,,,14.35,3.92,1.59,1.63,12.317,41.4,44.40225,-69.66511
10/30/2024,11:55:23AM,,test,,TNL,10.5,766.3,89.7,10.01,87.9,63.6,0.04,6.47,12.6,,,16.52,4.52,2.29,2.32,12.383,41.7,44.40226,-69.6651
10/30/2024,11:55:26AM,,test,,TNL,10.5,766.4,89.6,10,88,63.6,0.04,6.46,0.6,,,13.74,3.75,2.69,2.71,12.418,41.8,44.40226,-69.66509
10/30/2024,11:55:29AM,,test,,TNL,10.5,766.3,89.5,9.99,88.1,63.7,0.04,6.46,-5.6,,,13.36,3.65,2.96,2.98,12.436,42.3,44.40227,-69.66509
10/30/2024,11:55:32AM,,test,,TNL,10.5,766.4,89.4,9.97,88.2,63.8,0.04,6.46,-15.7,,,13.42,3.67,3.27,3.28,12.447,41.9,44.40227,-69.6651
10/30/2024,11:55:35AM,,test,,TNL,10.5,766.4,89.3,9.96,88.2,63.8,0.04,6.46,-21.7,,,7.72,2.1,3.24,3.25,12.454,41.5,44.40226,-69.66512
10/30/2024,11:55:38AM,,test,,TNL,10.5,766.4,89.2,9.95,88.3,63.8,0.04,6.46,-25,,,9.58,2.61,2.77,2.79,12.46,42.2,44.40226,-69.66512
10/30/2024,11:55:41AM,,test,,TNL,10.5,766.4,89,9.93,88.3,63.9,0.04,6.46,-33.3,,,10.95,2.99,2.51,2.53,12.465,42.2,44.40226,-69.66513
10/30/2024,11:55:44AM,,test,,TNL,10.5,766.4,89,9.92,88.4,63.9,0.04,6.46,-37.4,,,10.2,2.79,2.26,2.29,12.468,41.8,44.40226,-69.66514
10/30/2024,11:55:47AM,,test,,TNL,10.5,766.3,88.9,9.91,88.4,63.9,0.04,6.46,-39.6,,,9.63,2.63,2.2,2.23,12.472,41.5,44.40225,-69.66515
10/30/2024,11:55:50AM,,test,,TNL,10.5,766.3,88.8,9.9,88.4,64,0.04,6.46,-41.7,,,8.67,2.37,2.08,2.11,12.474,41.2,44.40224,-69.66516
10/30/2024,11:55:53AM,,test,,TNL,10.5,766.3,88.7,9.89,88.4,64,0.04,6.47,-49.3,,,8.3,2.27,2.04,2.07,12.481,41.6,44.40225,-69.66515
10/30/2024,11:55:56AM,,test,,TNL,10.5,766.3,88.5,9.87,88.5,64,0.04,6.47,-51.8,,,8.59,2.34,2.03,2.06,12.499,41.3,44.40224,-69.66516
10/30/2024,11:55:59AM,,test,,TNL,10.5,766.3,88.4,9.86,88.5,64,0.04,6.48,-53.5,,,8.87,2.42,1.98,2.01,12.499,42,44.40225,-69.66516
10/30/2024,11:56:02AM,,test,,TNL,10.5,766.3,88.2,9.84,88.5,64,0.04,6.48,-55,,,9.21,2.51,2.09,2.12,12.499,41.6,44.40225,-69.66516
10/30/2024,11:56:05AM,,test,,TNL,10.5,766.3,88.1,9.82,88.5,64,0.04,6.49,-56.4,,,9.15,2.5,2.24,2.26,12.498,41.7,44.40226,-69.66517
10/30/2024,11:56:08AM,,test,,TNL,10.5,766.3,87.8,9.79,88.5,64,0.04,6.49,-63.2,,,9.09,2.48,2.4,2.42,12.498,41.8,44.40226,-69.66516
10/30/2024,11:56:11AM,,test,,TNL,10.5,766.3,87.6,9.77,88.5,64,0.04,6.5,-65,,,9.83,2.68,2.54,2.57,12.499,41.8,44.40226,-69.66516
10/30/2024,11:56:14AM,,test,,TNL,10.5,766.2,87.4,9.74,88.6,64.1,0.04,6.5,-66.5,,,10.68,2.92,2.66,2.68,12.498,41.4,44.40226,-69.66517
10/30/2024,11:56:17AM,,test,,TNL,10.5,766.3,87.1,9.71,88.6,64.1,0.04,6.51,-67.7,,,11.13,3.04,2.67,2.69,12.497,41.3,44.40227,-69.66517
10/30/2024,11:56:20AM,,test,,TNL,10.5,766.3,86.8,9.68,88.6,64.1,0.04,6.51,-68.7,,,11.2,3.06,2.62,2.64,12.498,40.9,44.40227,-69.66517
10/30/2024,11:56:23AM,,test,,TNL,10.5,766.4,86.5,9.64,88.6,64.1,0.04,6.52,-69.7,,,10.59,2.89,2.52,2.54,12.498,40.9,44.40228,-69.66516
10/30/2024,11:56:26AM,,test,,TNL,10.5,766.3,86.2,9.61,88.7,64.2,0.04,6.52,-70.7,,,10.37,2.83,2.45,2.47,12.496,41,44.40228,-69.66516
10/30/2024,11:56:29AM,,test,,TNL,10.5,766.3,85.8,9.57,88.7,64.2,0.04,6.52,-77.1,,,10.3,2.81,2.39,2.42,12.497,40.7,44.40229,-69.66516
10/30/2024,11:56:32AM,,test,,TNL,10.5,766.3,85.5,9.53,88.7,64.2,0.04,6.53,-78,,,10.13,2.77,2.32,2.34,12.497,40.2,44.40229,-69.66517
10/30/2024,11:56:35AM,,test,,TNL,10.5,766.3,85.1,9.49,88.7,64.2,0.04,6.53,-79,,,9.92,2.71,2.27,2.29,12.496,40.1,44.40229,-69.66517
10/30/2024,11:56:38AM,,test,,TNL,10.5,766.4,84.8,9.45,88.7,64.2,0.04,6.53,-79.8,,,9.69,2.64,2.3,2.33,12.498,39.5,44.40229,-69.66517
10/30/2024,11:56:41AM,,test,,TNL,10.5,766.4,84.4,9.41,88.7,64.2,0.04,6.54,-80.6,,,9.63,2.63,2.33,2.36,12.497,40.3,44.40229,-69.66518
10/30/2024,11:56:44AM,,test,,TNL,10.5,766.4,84,9.36,88.7,64.2,0.04,6.54,-81.3,,,9.74,2.66,2.37,2.39,12.497,40.3,44.40229,-69.66518
10/30/2024,11:56:47AM,,test,,TNL,10.5,766.4,83.6,9.32,88.7,64.2,0.04,6.54,-82,,,10.02,2.73,2.38,2.4,12.496,40.7,44.40228,-69.66519
10/30/2024,11:56:50AM,,test,,TNL,10.5,766.4,83.2,9.27,88.7,64.2,0.04,6.54,-82.7,,,10.24,2.8,2.38,2.4,12.496,40.8,44.40229,-69.66519
10/30/2024,11:56:53AM,,test,,TNL,10.5,766.2,82.7,9.22,88.7,64.2,0.04,6.55,-83.4,,,10.43,2.85,2.41,2.43,12.496,40,44.40229,-69.6652
10/30/2024,11:56:56AM,,test,,TNL,10.5,766.3,82.2,9.17,88.7,64.2,0.04,6.55,-89.5,,,10.77,2.94,2.43,2.45,12.496,40.3,44.40229,-69.66521
10/30/2024,11:56:59AM,,test,,TNL,10.5,766.4,81.7,9.11,88.7,64.2,0.04,6.55,-90.1,,,11.77,3.21,2.44,2.46,12.495,40.2,44.40228,-69.66521
10/30/2024,11:57:02AM,,test,,TNL,10.5,766.2,81.2,9.05,88.7,64.2,0.04,6.55,-90.8,,,12.94,3.54,2.46,2.48,12.496,40.6,44.40228,-69.66521
10/30/2024,11:57:05AM,,test,,TNL,10.5,766.3,80.7,8.99,88.7,64.2,0.04,6.56,-91.3,,,14.45,3.95,2.49,2.52,12.497,42,44.40228,-69.66521
10/30/2024,11:57:08AM,,test,,TNL,10.5,766.4,80.1,8.93,88.7,64.2,0.04,6.56,-91.8,,,15.71,4.29,2.52,2.54,12.497,41.5,44.40228,-69.66521
10/30/2024,11:57:11AM,,test,,TNL,10.5,766.4,79.5,8.86,88.7,64.2,0.04,6.56,-92.3,,,16.93,4.63,2.54,2.56,12.497,41.4,44.40228,-69.66521
10/30/2024,11:57:14AM,,test,,TNL,10.5,766.3,78.9,8.79,88.7,64.2,0.04,6.56,-92.8,,,17.69,4.84,2.53,2.55,12.497,41.7,44.40228,-69.66522
10/30/2024,11:57:17AM,,test,,TNL,10.5,766.3,78.2,8.71,88.7,64.2,0.04,6.57,-93.3,,,11.11,3.03,2.51,2.53,12.495,41.8,44.40228,-69.66522
10/30/2024,11:57:20AM,,test,,TNL,10.5,766.3,77.5,8.64,88.7,64.2,0.04,6.57,-94,,,17.96,4.91,2.56,2.58,12.496,41,44.40228,-69.66522
10/30/2024,11:57:23AM,,test,,TNL,10.5,766.4,76.8,8.55,88.7,64.2,0.04,6.57,-95,,,13.7,3.74,2.72,2.74,12.496,40.9,44.40228,-69.66523
10/30/2024,11:57:26AM,,test,,TNL,10.5,766.3,76,8.47,88.7,64.2,0.04,6.57,-95.9,,,11.66,3.18,2.94,2.96,12.494,40.6,44.40229,-69.66523
10/30/2024,11:57:29AM,,test,,TNL,10.6,766.3,75,8.36,88.7,64.2,0.04,6.57,-96.9,,,10.94,2.99,3.01,3.03,12.495,40.4,44.40229,-69.66523
10/30/2024,11:57:32AM,,test,,TNL,10.6,766.3,74,8.24,88.7,64.2,0.04,6.58,-97.8,,,10.97,2.99,3.09,3.11,12.495,40.6,44.40229,-69.66523
10/30/2024,11:57:35AM,,test,,TNL,10.6,766.4,69.4,7.73,88.7,64.2,0.04,6.58,-98.6,,,10.95,2.99,3.23,3.25,12.495,40.9,44.40229,-69.66522
10/30/2024,11:57:38AM,,test,,TNL,10.6,766.3,68.6,7.64,88.6,64.2,0.04,6.58,-99.5,,,11,3,3.36,3.38,12.494,40.7,44.4023,-69.66522
10/30/2024,11:57:41AM,,test,,TNL,10.6,766.3,67.8,7.55,88.6,64.2,0.04,6.58,-100.4,,,10.72,2.93,3.41,3.42,12.495,40.6,44.4023,-69.66522
10/30/2024,11:57:44AM,,test,,TNL,10.6,766.4,67,7.47,88.6,64.2,0.04,6.58,-101.2,,,10.36,2.83,3.47,3.48,12.495,40.4,44.4023,-69.66522
10/30/2024,11:57:47AM,,test,,TNL,10.6,766.3,66.3,7.38,88.6,64.2,0.04,6.58,-101.9,,,9.99,2.73,3.61,3.62,12.494,40.7,44.40231,-69.66521
10/30/2024,11:57:50AM,,test,,TNL,10.6,766.2,62,6.91,88.6,64.2,0.04,6.58,-102.7,,,9.83,2.68,3.88,3.88,12.494,40.9,44.40231,-69.66521
10/30/2024,11:57:53AM,,test,,TNL,10.6,766.2,61.2,6.82,88.6,64.2,0.04,6.59,-103.4,,,9.73,2.66,4.15,4.16,12.496,40.9,44.40231,-69.66521
10/30/2024,11:57:56AM,,test,,TNL,10.6,766.3,60.5,6.74,88.6,64.2,0.04,6.59,-104.2,,,9.82,2.68,4.35,4.35,12.496,40.9,44.40231,-69.66521
10/30/2024,11:57:59AM,,test,,TNL,10.6,766.3,59.9,6.67,88.7,64.2,0.04,6.59,-105.1,,,10.24,2.8,4.61,4.61,12.496,40.9,44.40232,-69.66521
10/30/2024,11:58:02AM,,test,,TNL,10.6,766.2,59.2,6.6,88.6,64.2,0.04,6.59,-105.8,,,13.24,3.62,6.21,6.19,12.497,40.8,44.40232,-69.66521
10/30/2024,11:58:05AM,,test,,TNL,10.6,766.2,58.6,6.53,88.9,64.4,0.04,6.6,-106.2,,,0.61,0.16,5.65,5.64,12.496,40.7,44.40232,-69.66521
10/30/2024,11:58:08AM,,test,,TNL,10.6,766.2,58.4,6.51,92.1,66.7,0.04,6.6,-83.5,,,5.36,1.46,1.45,1.49,12.495,40.7,44.40232,-69.66521
10/30/2024,11:58:11AM,,test,,TNL,10.6,766.3,62.6,6.97,96.2,69.7,0.04,6.6,-101.4,,,1.61,0.43,1.35,1.38,12.497,40.6,44.40232,-69.66521
10/30/2024,11:58:14AM,,test,,TNL,10.6,766.3,62.9,7.01,101.4,73.5,0.05,6.6,-113,,,0.86,0.23,1.26,1.29,12.498,41,44.40232,-69.66521
10/30/2024,11:58:17AM,,test,,TNL,10.6,766.2,54.2,6.03,109.8,79.5,0.05,6.6,-118.4,,,0.66,0.17,1.27,1.31,12.498,40.6,44.40233,-69.66521
10/30/2024,11:58:20AM,,test,,TNL,10.6,766.3,48.8,5.43,119.5,86.6,0.06,6.61,-121.7,,,0.3,0.07,1.29,1.33,12.499,40.7,44.40233,-69.66521
10/30/2024,11:58:23AM,,test,,TNL,10.6,766.4,40.4,4.5,129.2,93.7,0.06,6.62,-131.5,,,0.25,0.06,1.27,1.31,12.504,40.4,44.40233,-69.66521
10/30/2024,11:58:26AM,,test,,TNL,10.6,766.3,36.8,4.09,138,100.1,0.07,6.62,-136.8,,,0.4,0.1,1.32,1.36,12.503,39.4,44.40233,-69.6652
10/30/2024,11:58:29AM,,test,,TNL,10.6,766.3,31,3.45,144,104.5,0.07,6.73,-140.1,,,0.48,0.12,1.37,1.41,12.501,39.3,44.40233,-69.6652
10/30/2024,11:58:32AM,,test,,TNL,10.6,766.3,28.7,3.19,150.3,109,0.07,6.77,-142.4,,,0.65,0.17,1.44,1.48,12.491,39,44.40233,-69.6652
10/30/2024,11:58:35AM,,test,,TNL,10.6,766.4,36.9,4.11,141.2,102.3,0.07,7.17,-128.3,,,3.44,0.93,1.98,2.01,12.474,38.7,44.40234,-69.6652
10/30/2024,11:58:38AM,,test,,TNL,10.6,766.3,43.4,4.84,127.5,92.3,0.06,7.23,-108.2,,,6.63,1.81,2.12,2.15,12.448,38.1,44.40234,-69.6652
10/30/2024,11:58:41AM,,test,,TNL,10.5,766.3,52,5.8,113.7,82.2,0.05,7.25,-96.6,,,5.66,1.54,2.12,2.15,12.41,38.1,44.40234,-69.66521
10/30/2024,11:58:44AM,,test,,TNL,10.5,766.4,56,6.24,96.2,69.5,0.04,7.26,-81.5,,,5.15,1.4,2.02,2.05,11.729,38.7,44.40234,-69.6652
10/30/2024,11:58:47AM,,test,,TNL,10.5,766.3,61.7,6.89,89.3,64.5,0.04,7.27,-74.9,,,4.98,1.35,1.83,1.86,11.476,38.9,44.40234,-69.6652
10/30/2024,11:58:50AM,,test,,TNL,10.5,766.3,65.2,7.28,88,63.6,0.04,7.27,-62.6,,,4.82,1.31,1.69,1.72,11.164,38.3,44.40234,-69.6652
10/30/2024,11:58:53AM,,test,,TNL,10.5,766.3,66.8,7.45,87.8,63.5,0.04,7.27,-57.1,,,4.67,1.27,1.03,1.07,10.958,38.4,44.40234,-69.6652
10/30/2024,11:58:56AM,,test,,TNL,10.5,766.3,68.2,7.6,87.8,63.5,0.04,7.27,-47.4,,,4.42,1.2,0.72,0.76,9.952,38.6,44.40235,-69.66519
10/30/2024,11:58:59AM,,test,,TNL,10.5,766.2,72.9,8.13,87.8,63.5,0.04,7.26,-40.9,,,4.36,1.18,0.63,0.67,9.099,38,44.40235,-69.66519
10/30/2024,11:59:02AM,,test,,TNL,10.6,766.2,74.2,8.27,87.8,63.5,0.04,7.26,-37.5,,,4.31,1.17,0.6,0.64,8.667,38.2,44.40236,-69.6652
10/30/2024,11:59:05AM,,test,,TNL,10.6,766.2,75.1,8.37,87.7,63.6,0.04,7.25,-29.1,,,3.92,1.07,0.61,0.65,7.607,37.9,44.40236,-69.66519
10/30/2024,11:59:08AM,,test,,TNL,10.6,766.2,75.9,8.45,87.7,63.6,0.04,7.23,-24.8,,,4.26,1.16,0.61,0.65,6.868,37.4,44.40236,-69.6652
10/30/2024,11:59:11AM,,test,,TNL,10.6,766.2,76.6,8.53,87.8,63.6,0.04,7.22,-22.2,,,4.72,1.28,0.61,0.65,6.63,38,44.40236,-69.66519
10/30/2024,11:59:14AM,,test,,TNL,10.7,766.3,80.8,8.98,87.7,63.7,0.04,7.2,-14.5,,,4.95,1.35,0.62,0.66,5.187,38,44.40237,-69.66519
10/30/2024,11:59:17AM,,test,,TNL,10.8,766.4,81.6,9.05,87.7,63.9,0.04,7.18,-10.2,,,4.95,1.35,0.63,0.68,4.504,37.7,44.40237,-69.66519
10/30/2024,11:59:20AM,,test,,TNL,10.9,766.3,82.1,9.08,87.7,64.1,0.04,7.16,-8.3,,,4.94,1.35,0.64,0.69,3.594,37.7,44.40238,-69.66519
10/30/2024,11:59:23AM,,test,,TNL,11,766.4,82.5,9.1,87.7,64.3,0.04,7.14,-6.1,,,4.91,1.34,0.65,0.7,3.66,37.7,44.40238,-69.66518
10/30/2024,11:59:26AM,,test,,TNL,11.1,766.2,82.8,9.12,87.7,64.4,0.04,7.12,1.7,,,4.94,1.35,0.66,0.7,2.142,37.9,44.40238,-69.66518
10/30/2024,11:59:29AM,,test,,TNL,11.2,766.3,83.2,9.14,87.7,64.5,0.04,7.1,4.8,,,4.9,1.33,0.67,0.71,1.648,36.9,44.40239,-69.66517
10/30/2024,11:59:32AM,,test,,TNL,11.2,766.3,83.8,9.2,87.7,64.6,0.04,7.08,6.7,,,4.79,1.3,0.69,0.73,0.287,37.6,44.4024,-69.66517
10/30/2024,11:59:35AM,,test,,TNL,11.2,766.3,84.4,9.27,87.7,64.6,0.04,7.06,8.6,,,4.83,1.31,0.67,0.72,0.003,37.9,44.4024,-69.66517
10/30/2024,12:03:15PM,,test,,TNL,11.3,766.4,94.9,10.37,87.5,64.7,0.04,6.84,67.7,,,3.8,1.03,1.09,1.13,0.009,39.4,44.408,-69.65593
10/30/2024,12:03:18PM,,test,,TNL,11.3,766.3,94.6,10.35,87.6,64.7,0.04,6.85,67.7,,,4.43,1.2,0.94,0.98,0.021,39.4,44.408,-69.65593
10/30/2024,12:03:21PM,,test,,TNL,11.3,766.4,94.2,10.31,87.6,64.7,0.04,6.87,67.6,,,4.45,1.21,0.79,0.83,0.034,39.8,44.408,-69.65592
10/30/2024,12:03:24PM,,test,,TNL,11.3,766.4,93.7,10.27,87.7,64.7,0.04,6.88,67.5,,,4.62,1.26,0.64,0.69,0.078,40.1,44.408,-69.65592
10/30/2024,12:03:27PM,,test,,TNL,11.3,766.4,93.4,10.23,87.7,64.7,0.04,6.9,67.4,,,4.71,1.28,0.64,0.69,1.242,40.1,44.40801,-69.65592
10/30/2024,12:03:30PM,,test,,TNL,11.3,766.2,93.1,10.2,87.7,64.7,0.04,6.92,67.3,,,4.78,1.3,0.66,0.7,1.238,40.5,44.40801,-69.65591
10/30/2024,12:03:33PM,,test,,TNL,11.3,766.4,92.9,10.18,87.7,64.7,0.04,6.93,67.2,,,4.07,1.11,0.67,0.71,1.534,40.6,44.40802,-69.65591
10/30/2024,12:03:36PM,,test,,TNL,11.3,766.3,92.7,10.16,87.7,64.7,0.04,6.95,67,,,4.2,1.14,0.67,0.71,1.79,40.3,44.40802,-69.65591
10/30/2024,12:03:39PM,,test,,TNL,11.3,766.3,92.5,10.14,87.7,64.6,0.04,6.96,66.8,,,4.29,1.17,0.67,0.72,2.876,40.3,44.40802,-69.65591
10/30/2024,12:03:42PM,,test,,TNL,11.2,766.4,92.3,10.12,87.7,64.6,0.04,6.97,66.5,,,4.59,1.25,0.69,0.73,3.18,39.9,44.40803,-69.65591
10/30/2024,12:03:45PM,,test,,TNL,11.2,766.3,92.2,10.11,87.7,64.6,0.04,6.98,66.3,,,4.19,1.14,0.67,0.72,3.328,39.4,44.40803,-69.65591
10/30/2024,12:03:48PM,,test,,TNL,11.2,766.3,92,10.09,87.7,64.6,0.04,7,66.1,,,3.93,1.07,0.67,0.71,3.591,38.7,44.40804,-69.65591
10/30/2024,12:03:51PM,,test,,TNL,11.2,766.4,91.9,10.08,87.7,64.6,0.04,7.01,65.9,,,4.76,1.3,0.68,0.72,3.739,38.3,44.40804,-69.65592
10/30/2024,12:03:54PM,,test,,TNL,11.2,766.3,91.7,10.07,87.7,64.5,0.04,7.02,65.7,,,4.88,1.33,0.67,0.72,4.928,38.9,44.40804,-69.65591
10/30/2024,12:03:57PM,,test,,TNL,11.1,766.2,91.5,10.06,87.7,64.4,0.04,7.03,65.6,,,4.84,1.32,0.67,0.72,5.092,39.7,44.40805,-69.65591
10/30/2024,12:04:00PM,,test,,TNL,11.1,766.3,91.4,10.05,87.7,64.4,0.04,7.03,65.5,,,4.73,1.29,0.66,0.7,5.247,39.9,44.40805,-69.65591
10/30/2024,12:04:03PM,,test,,TNL,11,766.4,91.1,10.04,87.7,64.3,0.04,7.04,65.4,,,3.21,0.87,0.64,0.69,6.313,40.1,44.40806,-69.65591
10/30/2024,12:04:06PM,,test,,TNL,10.9,766.3,90.9,10.03,87.7,64.1,0.04,7.05,65.3,,,4.75,1.29,0.64,0.68,6.278,40.2,44.40806,-69.6559
10/30/2024,12:04:09PM,,test,,TNL,10.9,766.3,90.7,10.03,87.7,64,0.04,7.06,65.3,,,4.7,1.28,0.6,0.64,6.377,40.1,44.40807,-69.6559
10/30/2024,12:04:12PM,,test,,TNL,10.8,766.3,90.5,10.03,87.7,63.9,0.04,7.06,65.4,,,3.72,1.01,0.6,0.64,6.558,39.8,44.40807,-69.6559
10/30/2024,12:04:15PM,,test,,TNL,10.7,766.3,90.5,10.04,87.7,63.8,0.04,7.07,65.4,,,4,1.09,0.58,0.63,6.69,39.8,44.40808,-69.6559
10/30/2024,12:04:18PM,,test,,TNL,10.7,766.3,90.5,10.05,87.7,63.7,0.04,7.07,50.4,,,14.66,4.01,0.72,0.76,7.57,38.9,44.40808,-69.6559
10/30/2024,12:04:21PM,,test,,TNL,10.7,766.3,90.5,10.05,87.7,63.7,0.04,6.72,-6.1,,,7.53,2.05,1.26,1.3,7.5,38.2,44.40809,-69.6559
10/30/2024,12:04:24PM,,test,,TNL,10.6,766.3,90.4,10.05,87.8,63.8,0.04,6.74,-8.7,,,7.14,1.95,1.78,1.81,7.37,37.7,44.4081,-69.65591
10/30/2024,12:04:27PM,,test,,TNL,10.6,766.3,90.3,10.04,88,63.9,0.04,6.78,-5.5,,,7.19,1.96,2.06,2.09,7.145,37.8,44.4081,-69.65591
10/30/2024,12:04:30PM,,test,,TNL,10.6,766.3,90.2,10.03,88.1,63.9,0.04,6.8,3.2,,,5.71,1.56,2.11,2.14,6.038,37.8,44.4081,-69.65591
10/30/2024,12:04:33PM,,test,,TNL,10.7,766.3,90.2,10.02,88.1,63.9,0.04,6.81,7.5,,,5.19,1.41,2.11,2.14,5.554,38,44.4081,-69.65593
10/30/2024,12:04:36PM,,test,,TNL,10.7,766.3,90.3,10.03,88,64,0.04,6.82,10.4,,,5.07,1.38,2,2.03,5.267,38.3,44.4081,-69.65595
10/30/2024,12:04:39PM,,test,,TNL,10.8,766.4,90.6,10.03,87.8,64,0.04,6.83,12.7,,,5.39,1.47,1.42,1.46,4.034,38.7,44.4081,-69.65596
10/30/2024,12:04:42PM,,test,,TNL,10.9,766.4,90.8,10.04,87.7,64.1,0.04,6.83,21,,,5.17,1.41,0.99,1.03,3.772,39,44.4081,-69.65597
10/30/2024,12:04:45PM,,test,,TNL,11,766.4,91.1,10.04,87.7,64.2,0.04,6.84,23,,,4.94,1.34,0.71,0.76,3.432,39.1,44.4081,-69.65598
10/30/2024,12:04:48PM,,test,,TNL,11.1,766.4,91.2,10.04,87.7,64.3,0.04,6.85,25.1,,,4.86,1.32,0.64,0.68,3.2,39.1,44.4081,-69.65598
10/30/2024,12:04:51PM,,test,,TNL,11.1,766.3,91.2,10.03,87.6,64.4,0.04,6.86,26.7,,,4.69,1.28,0.66,0.71,2.448,39.4,44.4081,-69.65599
10/30/2024,12:04:54PM,,test,,TNL,11.1,766.4,91.2,10.03,87.6,64.5,0.04,6.87,33.9,,,4.66,1.27,0.68,0.73,1.944,39.4,44.4081,-69.65599
10/30/2024,12:04:57PM,,test,,TNL,11.2,766.4,91.3,10.02,87.7,64.5,0.04,6.87,35.8,,,4.56,1.24,0.67,0.71,1.73,39.6,44.4081,-69.656
10/30/2024,12:05:00PM,,test,,TNL,11.2,766.3,91.3,10.02,87.7,64.5,0.04,6.87,37.4,,,5.36,1.46,0.66,0.7,0.59,40.2,44.4081,-69.656
10/30/2024,12:05:03PM,,test,,TNL,11.2,766.3,91.4,10.02,87.7,64.6,0.04,6.87,38.7,,,5.31,1.44,0.66,0.7,0.192,40.4,44.4081,-69.656
10/30/2024,12:05:06PM,,test,,TNL,11.2,766.3,91.4,10.03,87.7,64.6,0.04,6.87,39.9,,,5.16,1.4,0.66,0.7,0.039,40.7,44.4081,-69.65601
10/30/2024,12:08:06PM,,test,,TNL,11.3,766.2,95.9,10.49,87.2,64.4,0.04,6.88,80.9,,,1.96,0.53,1.2,1.24,0.002,40.1,44.41302,-69.65138
10/30/2024,12:08:09PM,,test,,TNL,11.2,766.4,95.7,10.49,87.4,64.4,0.04,6.89,80.5,,,3.31,0.9,1.08,1.12,0.009,40.5,44.41303,-69.65138
10/30/2024,12:08:12PM,,test,,TNL,11.2,766.4,95.4,10.47,87.5,64.4,0.04,6.9,80.3,,,4.01,1.09,0.97,1.01,0.029,40.5,44.41303,-69.65137
10/30/2024,12:08:15PM,,test,,TNL,11.1,766.2,94.9,10.43,87.6,64.4,0.04,6.91,80.1,,,4.18,1.14,0.8,0.85,0.058,40.7,44.41303,-69.65137
10/30/2024,12:08:18PM,,test,,TNL,11.1,766.2,94.5,10.39,87.6,64.4,0.04,6.92,79.9,,,4.52,1.23,0.67,0.71,0.698,40.6,44.41303,-69.65138
10/30/2024,12:08:21PM,,test,,TNL,11.1,766.3,94.1,10.35,87.6,64.4,0.04,6.92,79.7,,,5.01,1.36,0.63,0.68,1.471,40.3,44.41304,-69.65138
10/30/2024,12:08:24PM,,test,,TNL,11.1,766.2,93.8,10.31,87.6,64.4,0.04,6.93,79.4,,,4.88,1.33,0.65,0.69,1.615,40.1,44.41304,-69.65138
10/30/2024,12:08:27PM,,test,,TNL,11.1,766.3,93.6,10.29,87.6,64.4,0.04,6.94,79.2,,,4.93,1.34,0.66,0.7,1.904,40.4,44.41304,-69.65138
10/30/2024,12:08:30PM,,test,,TNL,11.1,766.3,93.3,10.26,87.6,64.4,0.04,6.95,78.7,,,8.53,2.33,0.67,0.71,3.01,40.4,44.41304,-69.65138
10/30/2024,12:08:33PM,,test,,TNL,11.1,766.3,93.1,10.24,87.6,64.4,0.04,6.97,78.3,,,6.35,1.73,0.67,0.71,3.071,40.4,44.41304,-69.65138
10/30/2024,12:08:36PM,,test,,TNL,11.1,766.2,93,10.22,87.6,64.4,0.04,6.98,77.9,,,5.37,1.46,0.68,0.72,3.818,40.5,44.41304,-69.65138
10/30/2024,12:08:39PM,,test,,TNL,11.1,766.3,92.8,10.21,87.6,64.4,0.04,6.99,77.5,,,4.13,1.12,0.69,0.73,3.808,40.6,44.41305,-69.65138
10/30/2024,12:08:42PM,,test,,TNL,11.1,766.3,92.7,10.19,87.6,64.4,0.04,7,77.2,,,3.44,0.93,0.69,0.73,3.895,40.6,44.41305,-69.65138
10/30/2024,12:08:45PM,,test,,TNL,11.1,766.2,92.6,10.18,87.6,64.4,0.04,7.01,77,,,4.52,1.23,0.7,0.74,4.122,40.7,44.41306,-69.65138
10/30/2024,12:08:48PM,,test,,TNL,11.1,766.3,92.4,10.16,87.6,64.4,0.04,7.02,76.8,,,4.66,1.27,0.68,0.72,4.259,40.8,44.41306,-69.65138
10/30/2024,12:08:51PM,,test,,TNL,11.1,766.3,92.3,10.15,87.6,64.4,0.04,7.03,76.7,,,4.72,1.29,0.67,0.71,5.078,41,44.41307,-69.65139
10/30/2024,12:08:54PM,,test,,TNL,11.1,766.3,92.2,10.14,87.6,64.4,0.04,7.03,76.6,,,4.77,1.3,0.65,0.7,5.214,41,44.41307,-69.65138
10/30/2024,12:08:57PM,,test,,TNL,11.1,766.3,92.1,10.12,87.7,64.4,0.04,6.91,56.8,,,13.3,3.63,1.25,1.29,5.582,40.8,44.41307,-69.65138
10/30/2024,12:09:00PM,,test,,TNL,11.1,766.3,91.9,10.1,87.8,64.5,0.04,6.88,-0.2,,,17.21,4.7,2.15,2.17,5.722,40.9,44.41308,-69.65138
10/30/2024,12:09:03PM,,test,,TNL,11.1,766.3,91.7,10.08,87.9,64.6,0.04,6.88,-37.5,,,23.39,6.4,6.21,6.19,5.791,40.8,44.41309,-69.65138
10/30/2024,12:09:06PM,,test,,TNL,11.1,766.3,91.4,10.05,87.9,64.6,0.04,6.88,-48.6,,,20.82,5.69,5.64,5.62,5.846,41.1,44.41309,-69.65138
10/30/2024,12:09:09PM,,test,,TNL,11.1,766.3,91.2,10.03,88,64.6,0.04,6.88,-59.9,,,19.75,5.4,6.17,6.15,5.881,41.2,44.4131,-69.65137
10/30/2024,12:09:12PM,,test,,TNL,11.1,766.4,91,10.01,87.9,64.6,0.04,6.87,-64.1,,,19.33,5.28,6.42,6.39,5.904,41.2,44.4131,-69.65137
10/30/2024,12:09:15PM,,test,,TNL,11.1,766.2,90.8,9.98,88.1,64.7,0.04,6.87,-65.6,,,3.78,1.03,5.58,5.57,5.908,41.7,44.41311,-69.65137
10/30/2024,12:09:18PM,,test,,TNL,11.1,766.2,80.5,8.85,88.5,65,0.04,6.88,-52.5,,,6.7,1.83,3.3,3.31,5.903,41.3,44.41311,-69.65137
10/30/2024,12:09:21PM,,test,,TNL,11.1,766.2,80.7,8.87,88.5,65,0.04,6.89,-45.1,,,4.26,1.16,2.78,2.8,5.845,41.4,44.41311,-69.65137
10/30/2024,12:09:24PM,,test,,TNL,11.1,766.2,81.6,8.97,88.5,65,0.04,6.99,-31.5,,,4.56,1.24,2.19,2.21,5.177,41.2,44.41311,-69.65138
10/30/2024,12:09:27PM,,test,,TNL,11.1,766.2,82.4,9.06,88.4,64.9,0.04,7,-26.5,,,4.78,1.3,1.87,1.9,5.194,41.1,44.4131,-69.65139
10/30/2024,12:09:30PM,,test,,TNL,11.1,766.2,83.2,9.15,87.8,64.5,0.04,7,-16.4,,,4.84,1.32,1.56,1.59,4.788,40.8,44.41309,-69.65141
10/30/2024,12:09:33PM,,test,,TNL,11.1,766.2,84.2,9.26,87.7,64.4,0.04,6.99,-10.9,,,4.86,1.32,1.37,1.4,4.549,40.5,44.41309,-69.65141
10/30/2024,12:09:36PM,,test,,TNL,11.1,766.2,85.5,9.4,87.7,64.4,0.04,6.99,-7.5,,,4.44,1.21,1.24,1.28,3.485,40.1,44.41309,-69.65142
10/30/2024,12:09:39PM,,test,,TNL,11.1,766.2,86.5,9.51,87.6,64.4,0.04,6.99,1,,,5.4,1.47,1.06,1.1,3.192,40.1,44.41309,-69.65143
10/30/2024,12:09:42PM,,test,,TNL,11.1,766.3,87.4,9.61,87.6,64.4,0.04,6.98,5.1,,,4.75,1.29,0.84,0.88,2.84,39.5,44.41309,-69.65144
10/30/2024,12:09:45PM,,test,,TNL,11.1,766.2,88,9.68,87.6,64.4,0.04,6.98,7.6,,,4.31,1.17,0.7,0.74,2.044,39.2,44.41309,-69.65144
10/30/2024,12:09:48PM,,test,,TNL,11.1,766.2,88.6,9.74,87.6,64.4,0.04,6.98,9.7,,,4.4,1.2,0.68,0.72,1.467,39.3,44.41309,-69.65144
10/30/2024,12:09:51PM,,test,,TNL,11.1,766.3,89,9.79,87.6,64.4,0.04,6.97,17.3,,,4.21,1.14,0.65,0.69,1.353,39.3,44.41309,-69.65145
10/30/2024,12:09:54PM,,test,,TNL,11.1,766.3,89.4,9.83,87.6,64.4,0.04,6.96,19.9,,,3.31,0.9,0.63,0.67,1.086,39.4,44.4131,-69.65145
10/30/2024,12:09:57PM,,test,,TNL,11.1,766.2,89.8,9.87,87.6,64.4,0.04,6.95,21.6,,,4.38,1.19,0.63,0.67,0.067,39.3,44.4131,-69.65145
10/30/2024,12:12:51PM,,test,,TNL,10.9,766.2,93.8,10.35,87,63.6,0.04,6.85,75.7,,,2.38,0.64,1.24,1.27,0,39.7,44.42005,-69.64861
10/30/2024,12:12:54PM,,test,,TNL,10.8,766.2,93.5,10.36,87.3,63.6,0.04,6.87,75.6,,,3.08,0.83,1.02,1.06,0,39.9,44.42007,-69.64861
10/30/2024,12:12:57PM,,test,,TNL,10.7,766.1,93.3,10.37,87.6,63.6,0.04,6.88,75.5,,,3.14,0.85,0.83,0.87,0,39.7,44.42009,-69.64861
10/30/2024,12:13:00PM,,test,,TNL,10.6,766.2,93.2,10.36,87.6,63.6,0.04,6.89,75.5,,,3.14,0.85,0.62,0.67,0,39.5,44.4201,-69.64861
10/30/2024,12:13:03PM,,test,,TNL,10.6,766.2,93.1,10.35,87.6,63.6,0.04,6.91,75.6,,,3.23,0.87,0.54,0.58,0,38.9,44.4201,-69.64861
10/30/2024,12:13:06PM,,test,,TNL,10.6,766.2,93.1,10.35,87.6,63.6,0.04,6.92,75.6,,,3.29,0.89,0.55,0.59,0.016,38.8,44.4201,-69.64861
10/30/2024,12:13:09PM,,test,,TNL,10.6,766.2,93,10.34,87.6,63.6,0.04,6.93,75.5,,,3.41,0.92,0.54,0.59,0.882,38.7,44.42011,-69.64862
10/30/2024,12:13:12PM,,test,,TNL,10.6,766.2,92.8,10.32,87.6,63.6,0.04,6.94,75.4,,,3.51,0.95,0.55,0.59,1.02,38.6,44.42011,-69.64862
10/30/2024,12:13:15PM,,test,,TNL,10.6,766.2,92.7,10.31,87.6,63.6,0.04,6.95,75.4,,,3.41,0.92,0.54,0.59,1.149,38.7,44.42012,-69.64862
10/30/2024,12:13:18PM,,test,,TNL,10.6,766.2,92.5,10.3,87.6,63.5,0.04,6.96,75.3,,,3.31,0.9,0.52,0.57,1.32,38.4,44.42012,-69.64862
10/30/2024,12:13:21PM,,test,,TNL,10.5,766.2,92.3,10.29,87.7,63.4,0.04,6.97,75.2,,,3.06,0.83,0.52,0.56,1.477,38.5,44.42013,-69.64862
10/30/2024,12:13:24PM,,test,,TNL,10.4,766.2,92.1,10.28,87.7,63.3,0.04,6.98,75,,,3.01,0.82,0.52,0.56,2.289,38.1,44.42014,-69.64862
10/30/2024,12:13:27PM,,test,,TNL,10.3,766.1,91.9,10.29,87.8,63.2,0.04,6.99,75,,,24.16,6.61,1.6,1.63,2.373,37.9,44.42014,-69.64862
10/30/2024,12:13:30PM,,test,,TNL,10.2,766.2,91.9,10.31,87.9,63.1,0.04,6.99,75.2,,,33.79,9.25,7.33,7.29,2.465,37.8,44.42015,-69.64862
10/30/2024,12:13:33PM,,test,,TNL,10.2,766.1,91.9,10.33,88,63.1,0.04,6.99,75.3,,,27.43,7.5,6.46,6.43,2.493,37.8,44.42016,-69.64862
10/30/2024,12:13:36PM,,test,,TNL,10.1,766,92,10.35,88.1,63.1,0.04,6.69,40.2,,,9.27,2.53,6.63,6.61,2.458,38,44.42016,-69.64862
10/30/2024,12:13:39PM,,test,,TNL,10.1,766.2,92,10.35,88.4,63.3,0.04,6.62,18.9,,,16.56,4.53,6.64,6.61,2.469,38.2,44.42017,-69.64862
10/30/2024,12:13:42PM,,test,,TNL,10.1,766.1,91.8,10.33,88.6,63.5,0.04,6.6,5,,,14.4,3.93,4.65,4.65,2.483,38.4,44.42016,-69.64863
10/30/2024,12:13:45PM,,test,,TNL,10.1,766.1,91.5,10.29,88.8,63.6,0.04,6.58,-0.6,,,10.73,2.93,6.16,6.14,2.49,38.6,44.42016,-69.64864
10/30/2024,12:13:48PM,,test,,TNL,10.1,766.2,91.1,10.25,88.9,63.6,0.04,6.58,-2.7,,,16.08,4.39,7.12,7.09,2.473,38.6,44.42016,-69.64864
10/30/2024,12:13:51PM,,test,,TNL,10.1,766.2,90.8,10.21,88.6,63.5,0.04,6.57,-1.5,,,7.19,1.96,3.11,3.12,2.438,38.7,44.42016,-69.64864
10/30/2024,12:13:54PM,,test,,TNL,10.1,766.1,90.7,10.2,88.4,63.3,0.04,6.59,8.6,,,6.41,1.75,2.74,2.76,2.393,38.8,44.42016,-69.64864
10/30/2024,12:13:57PM,,test,,TNL,10.1,766.1,90.7,10.21,88.2,63.1,0.04,6.72,11,,,5.07,1.38,2.42,2.44,2.336,38.9,44.42016,-69.64865
10/30/2024,12:14:00PM,,test,,TNL,10.1,766.1,90.9,10.23,87.9,62.9,0.04,6.73,13.2,,,4.21,1.14,1.8,1.83,1.302,39,44.42017,-69.64865
10/30/2024,12:14:03PM,,test,,TNL,10.2,766.1,91.2,10.26,87.9,63,0.04,6.74,20.6,,,3.92,1.06,1.46,1.49,1.249,39,44.42017,-69.64865
10/30/2024,12:14:06PM,,test,,TNL,10.2,766.1,91.6,10.29,87.8,63.1,0.04,6.75,23.7,,,3.65,0.99,1.21,1.24,0.938,39,44.42017,-69.64866
10/30/2024,12:14:09PM,,test,,TNL,10.3,766.1,92,10.31,87.7,63.1,0.04,6.76,25.4,,,3.43,0.93,1.08,1.12,0.777,38.9,44.42018,-69.64866
10/30/2024,12:14:12PM,,test,,TNL,10.4,766.1,92.3,10.32,87.7,63.3,0.04,6.77,27.1,,,3.36,0.91,1,1.04,0.603,38.7,44.42019,-69.64866
10/30/2024,12:16:08PM,,test,,TNL,10.4,766.1,100.2,11.21,18.3,13.2,0.01,6.88,61.9,,,0.2,0.05,1.33,1.37,0,40.1,44.42219,-69.64637
10/30/2024,12:16:11PM,,test,,TNL,10.3,766.1,99.7,11.16,87.7,63.1,0.04,6.89,61.9,,,0.67,0.17,1.17,1.21,0,40.2,44.4222,-69.64635
10/30/2024,12:16:14PM,,test,,TNL,10.3,766.1,98.9,11.1,87.9,63.1,0.04,6.89,62.2,,,1.08,0.29,0.99,1.03,0,40.7,44.4222,-69.64635
10/30/2024,12:16:17PM,,test,,TNL,10.2,766,98,11.01,88,63.1,0.04,6.9,62.5,,,1.21,0.32,0.82,0.86,0.009,40.7,44.42221,-69.64635
10/30/2024,12:16:20PM,,test,,TNL,10.2,766.1,97.1,10.92,88.1,63.1,0.04,6.9,62.8,,,1.18,0.31,0.57,0.62,0.044,40.7,44.42221,-69.64636
10/30/2024,12:16:23PM,,test,,TNL,10.1,766.1,96.2,10.82,88.1,63.1,0.04,6.91,63,,,1.15,0.31,0.42,0.47,1.083,40.8,44.42222,-69.64636
10/30/2024,12:16:26PM,,test,,TNL,10.1,766,95.5,10.76,88.2,63.1,0.04,6.91,63.2,,,1.1,0.29,0.39,0.44,1.055,40.6,44.42222,-69.64637
10/30/2024,12:16:29PM,,test,,TNL,10,766,94.8,10.7,88.2,63,0.04,6.92,63.5,,,1.18,0.31,0.41,0.46,1.183,41,44.42223,-69.64637
10/30/2024,12:16:32PM,,test,,TNL,9.9,766.2,94.3,10.66,88.3,62.9,0.04,6.92,63.9,,,2.65,0.72,0.61,0.65,1.295,41.4,44.42223,-69.64637
10/30/2024,12:16:35PM,,test,,TNL,9.8,766.1,93.9,10.63,88.4,62.8,0.04,6.93,64.5,,,3.64,0.99,0.72,0.76,1.303,41.5,44.42224,-69.64638
10/30/2024,12:16:38PM,,test,,TNL,9.8,766.1,93.6,10.61,88.4,62.7,0.04,6.94,65,,,4.17,1.13,0.82,0.86,1.279,41.4,44.42225,-69.64638
10/30/2024,12:16:41PM,,test,,TNL,9.8,766,93.5,10.61,88.4,62.7,0.04,6.94,65.5,,,2.15,0.58,0.84,0.88,1.22,41.2,44.42225,-69.64638
10/30/2024,12:16:44PM,,test,,TNL,9.8,766.1,93.5,10.6,88.3,62.7,0.04,6.95,66.1,,,1.43,0.38,0.84,0.88,1.164,41.3,44.42225,-69.64638
10/30/2024,12:16:47PM,,test,,TNL,9.9,766.1,93.6,10.59,88.3,62.8,0.04,6.95,66.7,,,1.43,0.38,0.83,0.87,1.102,41.4,44.42226,-69.64638
10/30/2024,12:16:50PM,,test,,TNL,10,766.1,93.6,10.58,88.2,62.9,0.04,6.95,67.3,,,1.46,0.39,0.66,0.71,1.028,41.3,44.42226,-69.64639
10/30/2024,12:16:53PM,,test,,TNL,10,766.1,93.6,10.56,88.2,63,0.04,6.95,68,,,1.51,0.4,0.54,0.59,0.084,41.1,44.42226,-69.64639
